Feature,Importance
Credit_Product,801213.0840611458
Vintage,94180.42759156227
Age,90406.35129451752
Channel_Code,67012.67997789383
Occupation,50492.30262887478
Is_Active,22008.24172925949
Avg_Account_Balance,3596.337304830551
Region_Code,3195.380744576454
Gender,1015.0073418617249
